{"accuracy": 0.4949664925393604, "loss": 88.63492063492063, "F1-score": 0.8063498602946959, "_runtime": 494, "_timestamp": 1630137316, "_step": 7, "_wandb": {"runtime": 494}}