{"accuracy": 0.3256028827342241, "loss": 90.2633679169992, "F1-score": 0.8052661401732166, "_runtime": 557, "_timestamp": 1630252931, "_step": 9, "_wandb": {"runtime": 557}}