{"accuracy": 0.20669183070382113, "loss": 92.43386243386243, "F1-score": 0.8417844792749709, "_runtime": 145, "_timestamp": 1630259522, "_step": 1}