{"accuracy": 0.7537282335215917, "loss": 81.40462889066241, "F1-score": 0.6868010247995676, "_runtime": 218, "_timestamp": 1630242050, "_step": 2}