{"accuracy": 0.2548806871686663, "loss": 91.53439153439155, "F1-score": 0.8475540586894871, "_runtime": 77, "_timestamp": 1630258570, "_step": 0}