{"accuracy": [81.09347442680776, 96.40917107583773, 98.47619047619047, 99.1816578483245, 99.48500881834215, 99.54850088183422, 99.73897707231039, 99.71075837742504], "loss": [0.6294768332625613, 0.11341212508960165, 0.04813141215204982, 0.02889962649087847, 0.018758235120557815, 0.01598819201440933, 0.009895337534644616, 0.009286114184450312], "_runtime": 495, "_timestamp": 1630136544, "_step": 0, "_wandb": {"runtime": 494}}