{"accuracy": 0.8052179144551515, "loss": 87.97883597883597, "F1-score": 0.7572693453529363, "_runtime": 500, "_timestamp": 1630219637, "_step": 7, "_wandb": {"runtime": 501}}