{"accuracy": 0.06136200115104359, "loss": 97.77777777777779, "F1-score": 0.9536474051037467, "_runtime": 594, "_timestamp": 1630260603, "_step": 9, "_wandb": {"runtime": 595}}