{"accuracy": 0.5018100977562374, "loss": 86.27294493216282, "F1-score": 0.7480145273686462, "_runtime": 77, "_timestamp": 1630233096, "_step": 0}