{"accuracy": 0.6840660218848101, "loss": 88.58739026336792, "F1-score": 0.8138030620949308, "_runtime": 706, "_timestamp": 1630246068, "_step": 9, "_wandb": {"runtime": 706}}