{"accuracy": 0.7021982948994511, "loss": 88.42328042328043, "F1-score": 0.7910297034759491, "_runtime": 501, "_timestamp": 1630218739, "_step": 7}