{"accuracy": 0.3119914774074615, "loss": 92.73743016759776, "F1-score": 0.8776607617738087, "_runtime": 280, "_timestamp": 1630220650, "_step": 3, "_wandb": {"runtime": 281}}