{"accuracy": 0.43858932031218945, "loss": 89.46528332003193, "F1-score": 0.777249983784565, "_runtime": 217, "_timestamp": 1630242537, "_step": 2}