{"accuracy": 0.13963397255650273, "loss": 95.3968253968254, "F1-score": 0.9105497527865213, "_runtime": 147, "_timestamp": 1630259048, "_step": 1}