{"accuracy": 0.2466751210040696, "loss": 93.45570630486833, "F1-score": 0.8790087136358722, "_runtime": 564, "_timestamp": 1630247909, "_step": 9, "_wandb": {"runtime": 565}}